age_group,hetero,homo,bi
0,0.891258,0.933902,1
1,0.893048,0.941176,1
2,0.844523,0.922261,1
3,0.844523,0.922261,1
4,0.844523,0.922261,1
