"scenario","M","F","pMale"
"1",5158,5402,0.489247649273856
"2",4120,4364,0.48030398358679
"3",3321,3265,0.504253209346354
